10.,0
9.9998290517256,0.02258631631785661
9.99908260151957,0.1112095787626339
9.99641743537764,0.2274799908093432
9.99216076544576,0.349276712386738
9.988278392793909,0.470910733659573
9.98448183505782,0.5928386651122131
9.9798954195582,0.7153775353830081
9.974201473782209,0.83836712010167
9.967301642714261,0.961684160625031
9.95919399746655,1.085322985120003
9.9499643370423,1.209390278254888
9.93971986304641,1.334074090958819
9.92850780843168,1.459616859287142
9.91629051254589,1.5862831034902491
9.90292459090723,1.714316869233657
9.88808146392605,1.8438695917586079
9.8713567803064,1.975017691892855
9.8521491010328,2.1076480933025143
9.8299485530431,2.2415013588685673
9.804243749226849,2.3761511726014897
9.774596733801449,2.51108068685467
9.74075996366585,2.64579244197935
9.702834166676219,2.7798872253587
9.66116572975264,2.91310346559056
9.61619750800056,3.0453155567010803
9.568413626802801,3.17651862876778
9.51829504965103,3.30680454559061
9.466250548522599,3.43631842874724
9.41258043477277,3.56523640163082
9.35741092873754,3.69371571250638
9.3007367553197,3.82187202640415
9.24246981349399,3.94977126379533
9.18248474529218,4.07742243382118
9.12064312119184,4.20480463263914
9.056837807648229,4.33186401437208
8.99100820899993,4.45855529109023
8.92313152882481,4.5848232758044905
8.85321585780365,4.7105965870492295
8.78126734080131,4.83578833370632
8.70727980748454,4.96029130364649
8.63125146057453,5.0839860527169805
8.55318270673574,5.20676804382962
8.473093483798671,5.32854496356776
8.39100541353499,5.4492499533529895
8.30694961537991,5.568828369433
8.22097727047826,5.68726187858522
8.13314461712409,5.80454009009691
8.04350615398943,5.920672376468509
7.95210354800077,6.03565859906621
7.8589773257198,6.14949807660186
7.76415496746367,6.26218555555711
7.66764474535916,6.37369786181545
7.56944992340731,6.48400163664222
7.46956856371111,6.59305785654702
7.36801072692465,6.700827917833561
7.264773549278971,6.80726186692176
7.15985462788365,6.91231097355198
7.0532609029147,7.0159141904417694
6.9450104881195305,7.11802963762535
6.83513597900884,7.2186151040629305
6.7236699651267,7.3176432959662
6.6106551019684,7.41510045430425
6.49612388292771,7.510965800098139
6.38010499048053,7.60520158731121
6.262626271063709,7.69777618421451
6.14371134238089,7.788674359744871
6.02338041722119,7.87787812702135
5.90165415084137,7.965362195815139
5.77856720239344,8.051096356769
5.65414239240093,8.13506238191396
5.5284041827496395,8.217237199256159
5.4013856917165,8.297592387172621
5.27311653201049,8.37611067681278
5.143623538191299,8.45277437499831
5.012934005281981,8.52755764690859
4.8810763592608,8.600431872108931
4.748079909289929,8.67137302706602
4.61397074341465,8.74035611426078
4.47877700223442,8.80736213428462
4.34252865842217,8.87237278283568
4.20525139174949,8.93535989162206
4.06698698176509,8.996313165413
3.9277698122520004,9.055216104080081
3.7876307578079302,9.11204996060264
3.64660582993812,9.16680182658233
3.5047169599743997,9.21945936126432
3.3620028723090503,9.2699908891097
3.21849486330476,9.31839937480394
3.0742271944415798,9.36466193711499
2.92923402419943,9.40876160802208
2.7835508469854,9.45068983424153
2.63720067951617,9.490434915574681
2.49021942582935,9.527983975372791
2.3426510676028,9.56332272783451
2.19452536177603,9.59643752073897
2.045871434939932,9.627319351476629
1.8967277409094092,9.655957001322601
1.747132612519391,9.6823520673588
1.59711494371095,9.70648035303645
1.446720029897659,9.72833491073723
1.2959719453800451,9.74791880744019
1.144917436181977,9.765212155959361
0.993575354886816,9.78021567565148
0.842006139331589,9.79291687560671
0.6902198877523089,9.8033305245462
0.538261269324714,9.81143355136459
0.386177533373896,9.81721398829047
0.2339981977669212,9.82067687586072
0.0817613968551763,9.8218290597591
-0.07050440812225646,9.820666066875852
-0.22276766559457273,9.817177641151229
-0.374984394828745,9.81137066036818
-0.527111080054687,9.80323866205431
-0.679105777844931,9.79276329300593
-0.830951074779668,9.77997748537529
-0.98261026379225,9.76486317519031
-1.134037113474266,9.7474105081221
-1.2851961562355712,9.72765080717059
-1.436060777531678,9.70556183467869
-1.586574552915824,9.68116129483186
-1.7367187926974519,9.65444325277142
-1.886450008772417,9.62542268567163
-2.03573056212486,9.59410215895496
-2.184529543595906,9.560478518357971
-2.33280815166218,9.524564303722851
-2.48053008476492,9.48636784712522
-2.62765910717793,9.44589573183983
-2.77416070941727,9.40315923237903
-2.9199962669705197,9.35816137921034
-3.0651318820779903,9.31091205877661
-3.2095352452516,9.26142730358243
-3.35316478108622,9.209707182210149
-3.49599176996847,9.15577297203727
-3.63797823253225,9.099624852791639
-3.77908831065364,9.041283113942669
-3.91928838877806,8.9807608551438
-4.05854490816623,8.9180652755838
-4.19682057520657,8.85321593731875
-4.33408514226868,8.78622014872695
-4.470300421038139,8.7170983130045
-4.605437130405329,8.64586435523877
-4.7394616397539,8.57253388783886
-4.87233537353357,8.49712344283777
-5.004027027654351,8.41964890998733
-5.1345094344985895,8.34012984574227
-5.26374612904743,8.258581387348379
-5.39170415106315,8.17502439968928
-5.5183512890276205,8.0894757003488
-5.643659984545559,8.00195562769707
-5.767593578451439,7.91248675815182
-5.89012220067576,7.8210892435076005
-6.01121843424351,7.7277784816742
-6.13085151071221,7.63258405513091
-6.2489876356339895,7.53553052640802
-6.36559930108459,7.4366286552589695
-6.48065678428997,7.33590608225801
-6.59413258433809,7.23339102096964
-6.705993750854081,7.12910187158181
-6.81621620267741,7.02306094510932
-6.92477180566956,6.9153036879439
-7.03163039911224,6.80585184546634
-7.13676735780344,6.69472641282336
-7.240157622450409,6.58195264542719
-7.34177237857017,6.46756635811029
-7.44158425842622,6.351586293768181
-7.53956354947066,6.23403875162675
-7.63569059757237,6.11496708318329
-7.72994310412426,5.9943894010224295
-7.8222964323505,5.872326418923739
-7.9127227506869104,5.7488154453177
-8.00120183880758,5.6238896812754895
-8.08770920083374,5.49757039106461
-8.172222708288569,5.3698936235509
-8.25472056596074,5.24089324248056
-8.33518107557518,5.11059688704216
-8.41357991484864,4.97903468124817
-8.48989994712816,4.84623919127057
-8.56412458698628,4.71224454426477
-8.63623337457733,4.5770818173711305
-8.706204337759921,4.4407806844947
-8.77402036397185,4.30337950511347
-8.83966118319983,4.16491216483458
-8.90311142148142,4.02541013385779
-8.96435474660153,3.8849076879515803
-9.02337385765008,3.7434403007324097
-9.08015050594782,3.60104066383639
-9.13467717934507,3.45774284013319
-9.186928406508851,3.31358540701787
-9.236900037042329,3.16860246465107
-9.28456968274706,3.02283289429877
-9.329927943896,2.87630982815308
-9.3729657954214,2.72906794175472
-9.41366919749143,2.5811439737471398
-9.45202580192788,2.43257720547141
-9.488024485243269,2.2834010785586702
-9.52165419738759,2.133654323113443
-9.552905655127919,1.983373774190282
-9.58177137863347,1.832598329395756
-9.608242689082939,1.681367562091065
-9.63231284416958,1.5297088801839989
-9.65398061779797,1.377671081824862
-9.67321757691724,1.22529058280406
-9.69005525038919,1.072600729195164
-9.70444571460986,0.919644278239733
-9.716407844685651,0.766455772809886
-9.72596293956782,0.613075523023192
-9.73306182846784,0.459544857393111
-9.73770146950698,0.30589871748518604
-9.739891647322938,0.15217731999241052
-9.73963875593834,-0.0015846247046399989
-9.73694802383436,-0.1553444124670603
-9.73182234514552,-0.309067904441299
-9.724259172778659,-0.462706455754105
-9.71423313353283,-0.616218643598512
-9.70174623527015,-0.7695826401429791
-9.68682420999245,-0.9227607990340241
-9.66945231591373,-1.0756853238348931
-9.6496476272772,-1.228344262344901
-9.62739602467412,-1.380690888333819
-9.6027152644201,-1.532690879835827
-9.57561796256859,-1.684306516817533
-9.54609430103783,-1.835495129506664
-9.5141581328726,-1.9862093392703741
-9.47981321279438,-2.136413372927534
-9.44306670854667,-2.286073086259522
-9.40392947653539,-2.43515268902882
-9.36241415502902,-2.58361415277413
-9.318529944132319,-2.73141812990391
-9.27228025544403,-2.87852514909134
-9.2236746995371,-3.02489601192556
-9.17272906082193,-3.1704953973176
-9.11945397724294,-3.31528644726574
-9.06386874028048,-3.45922992769365
-9.005984157269491,-3.60228808477528
-8.94579940195656,-3.74442506917788
-8.88334036068174,-3.88560373651814
-8.81862654020595,-4.02578931616107
-8.751669843359931,-4.164943036975091
-8.68247934621536,-4.3030308388875405
-8.61107594273145,-4.44001597916451
-8.53747745107008,-4.57586445109395
-8.461705589799,-4.71053818034588
-8.3837735847837,-4.844002154823601
-8.30369882082946,-4.97622301059457
-8.22150446533169,-5.10716552949425
-8.137208518488631,-5.23679303871717
-8.05083741699697,-5.36507483685199
-7.962403168788759,-5.49197686436715
-7.87193256840021,-5.617465974555239
-7.779447481686461,-5.74150764951196
-7.68497060439875,-5.86407154819535
-7.58852744042334,-5.9851211449826796
-7.49013840087618,-6.104629244225491
-7.38982836692678,-6.2225609380879
-7.2876247158989305,-6.3388870922214
-7.18355415498384,-6.453576129340901
-7.07763941598075,-6.56659865180753
-6.9699060296749895,-6.67792060047151
-6.8603777302271105,-6.78751753741872
-6.7490883438988,-6.895357688758359
-6.63606519852834,-7.00141266192572
-6.5213385890513305,-7.10565357924531
-6.404936802294451,-7.208054520396329
-6.28688150271773,-7.308585483256159
-6.16721083116971,-7.40722273895951
-6.04595212270411,-7.50393458969511
-5.9231360637824,-7.59869704224387
-5.79878896804502,-7.69148515662601
-5.6729473492227,-7.78227749918671
-5.54564477419583,-7.87104982081322
-5.41691711414601,-7.9577677484311495
-5.28679200141334,-8.04241445327758
-5.1553005285962605,-8.1249639844999
-5.02247436836849,-8.20539884863613
-4.88835095498297,-8.28369811399482
-4.75296712737039,-8.35983754428743
-4.61635671464894,-8.433795081753921
-4.47855468146844,-8.50554944451758
-4.33959649568923,-8.57508243835684
-4.19951364164877,-8.6423723617205
-4.05834434403049,-8.7074040542948
-3.9161274828749697,-8.77015687675409
-3.7729000766372796,-8.83061469235089
-3.62869559981576,-8.88875980505926
-3.4835537607484,-8.9445812314087
-3.3375125100154,-8.99805308495897
-3.19060558441128,-9.04916949856699
-3.04287833052932,-9.097905652136191
-2.89436178150873,-9.14425693408673
-2.74509657822264,-9.188207026651291
-2.5951241455335703,-9.229741715368121
-2.4444853036705902,-9.268847930912951
-2.2932143809370302,-9.30551721598104
-2.141354484822474,-9.339739350623
-1.9889400002502429,-9.37150269603736
-1.836013955179029,-9.40079398260424
-1.6826192484506959,-9.427609551111459
-1.528795955068294,-9.451935904787561
-1.374573267702403,-9.473777604755629
-1.2200077610286741,-9.49311574545094
-1.065129349801017,-9.50995115166026
-0.909986807394046,-9.52425991148396
-0.7546145669164399,-9.53608389202973
-0.599058216423098,-9.54536417271188
-0.443354493240499,-9.55210459165898
-0.287544621454879,-9.55632091117603
-0.1316711271121427,-9.55801613688579
0.02422234467276778,-9.557183792956131
0.18009484325725023,-9.553818052287799
0.335907939880495,-9.54792206813058
0.491621177080211,-9.53950421999021
0.647183291321613,-9.52856139689344
0.802554070591335,-9.51506436350408
0.957714851168679,-9.49904108116616
1.112596894017619,-9.48048196140074
1.267176388667608,-9.45941328802839
1.421401266324816,-9.43581433174581
1.57523375607426,-9.40970292318227
1.728633377911289,-9.3810889548004
1.881564892212852,-9.34996917207997
2.033978325516488,-9.316357980733791
2.185834758185831,-9.280261188454901
2.33709204746022,-9.241686670933941
2.48771258431705,-9.20064356638676
2.63765433723017,-9.157143112017
2.78687293882252,-9.11119065646033
2.93533436540941,-9.06280569592594
3.08299597057251,-9.01199646567739
3.22981722063883,-8.95877727911018
3.37575809210872,-8.90315887655635
3.52078309384365,-8.84515367179481
3.6648495179798504,-8.784775076460729
3.8079162994083804,-8.722040783047
3.94994649859642,-8.65696398870767
4.09090039088103,-8.58956783669183
4.23074189855221,-8.51986441318101
4.36943201767509,-8.44787190009766
4.50693087066272,-8.37360887464498
4.643201900425479,-8.29709016141333
4.778208781991021,-8.21833730425576
4.91191455624679,-8.13737547726906
5.04427993310321,-8.05422248442174
5.17526908167647,-7.96890083660541
5.3048465820435595,-7.8814304469589604
5.43297839564863,-7.79183256027784
5.55962623049271,-7.70012868651351
5.68475764323315,-7.60634731150219
5.808338235214199,-7.51051266848658
5.93032962145049,-7.41265152386827
6.0507005366421005,-7.31278860710372
6.16941499385005,-7.2109510085680295
6.28644554082001,-7.10715780361667
6.401755584063411,-7.00143977624829
6.51531495276574,-6.89382471397139
6.62709152118491,-6.7843430196879
6.73705341834742,-6.673022010892421
6.84516992911891,-6.55989693139464
6.95140835402831,-6.44499109834914
7.05574082263046,-6.32833832914012
7.15813693055646,-6.20996994658357
7.25856770957206,-6.08991150930194
7.35700831592653,-5.96819931123068
7.45342731333633,-5.84486315738222
7.54779975171574,-5.71994063794693
7.64009792112118,-5.59346536294266
7.73029254776826,-5.465470059562
7.81836247208219,-5.335986878422441
7.904277585801891,-5.20505216296388
7.98801946190914,-5.07269792489279
8.06955802543488,-4.938962676929799
8.14887285764363,-4.80388189499617
8.22594260875967,-4.6674948212751595
8.30074165665955,-4.52983796999047
8.37324795588951,-4.3909456867053605
8.443442103777961,-4.2508540494085
8.51130662759952,-4.10960242266704
8.57681811733803,-3.9672275161328496
8.63996080696391,-3.82377589150812
8.70070710866501,-3.6792842133529895
8.75905000083678,-3.53379050018868
8.81496502925321,-3.38733208425542
8.86843465599268,-3.2399481632085703
8.91945329392927,-3.09167782441497
8.96799681075279,-2.94256879306879
9.014050166647891,-2.79265670171207
9.057603835240979,-2.6419852210214403
9.09864024923208,-2.49059497823467
9.13714555876911,-2.33852780470767
9.173111287845021,-2.1858246983506877
9.2065264684719,-2.032526952372534
9.237384069793531,-1.878680158725385
9.26566512554254,-1.7243234922323731
9.291360619889879,-1.5695027860800441
9.314484389093,-1.41425735198292
9.33499616938961,-1.258629500434341
9.352916699893541,-1.1026727942291101
9.36822006487253,-0.946414718382552
9.38091703772557,-0.789909432174513
9.3909898266923,-0.633208955153748
9.3984338629158,-0.47633402284332205
9.40326646587653,-0.319334412709887
9.40546619247263,-0.1622657490343897
9.405031917793629,-0.005171426011743897
9.40196295646364,0.1519070622643878
9.396247288890699,0.30892524337775196
9.387902407443079,0.46584345826734197
9.3769448556011,0.6226245642620649
9.36334595149812,0.779217514005292
9.347104304723839,0.935577522703916
9.328258039688372,1.091655273805946
9.306773628256309,1.247420798120162
9.28267847359988,1.402808496532957
9.25596692490559,1.5577943069214282
9.226657419848,1.712322202065484
9.19474864775924,1.866352380267172
9.1602459062892,2.0198446047639003
9.12316020888846,2.172752136279123
9.08350383844431,2.32503048482803
9.041286210766991,2.47663738787975
8.996520849698381,2.6275302741681203
8.94921175976586,2.77766157179222
8.89937926200258,2.92699562401175
8.84703043497918,3.07548304229234
8.79218223280023,3.22308759671271
8.734842370035711,3.36976203926595
8.675036352573379,3.51546720687504
8.612771954725709,3.66016097196022
8.54806915796245,3.8037991121613
8.48094173866954,3.94634386801373
8.41141212378225,4.0877510769307
8.339494417248211,4.22798326874291
8.26521158086478,4.36699763835801
8.18858194478795,4.50475323824296
8.10962686852799,4.6412112884584005
8.02836582726567,4.77633060090314
7.94482416361816,4.9100735544593395
7.85902264092449,5.042401190692
7.770982738062131,5.17327496838263
7.68072973274998,5.30265607020657
7.58829178954039,5.4305082656097206
7.4936907542477,5.55679377932738
7.39695497346044,5.68147481637675
7.29811023515051,5.804517522738809
7.19718324212832,5.925881086991151
7.0941999052025295,6.04552925643229
6.989191850229069,6.16342466283162
6.88218537188418,6.27954181024052
6.7732169357448,6.39384456809712
6.66231186364376,6.50629737165009
6.549500197986379,6.61686494272688
6.4348125938848,6.725515320915569
6.318284060645061,6.8322151243090605
6.19994896326095,6.9369343310290095
6.07984084311747,7.03964277515
5.95798480833061,7.14030514110531
5.83442169747557,7.238895569765949
5.709186306899349,7.33538421060805
5.58231570784232,7.42974350283086
5.45384668027159,7.52194107771812
5.32381303983117,7.61194663510049
5.1922472437024805,7.699738070610801
5.05919065231225,7.78528738414288
4.92467988097657,7.86857548043532
4.7887583861642,7.94957032724545
4.651463875343429,8.02824588079963
4.51282923990619,8.104580282346959
4.37289444518138,8.17854785772968
4.2317044582685,8.25012636617397
4.08930398379651,8.319297751074501
3.94572792734883,8.38603592234209
3.8010153492063496,8.45032134426814
3.65520820655947,8.51213730259475
3.50835278776172,8.57146627118219
3.3604917890729,8.62828002831148
3.2116639008126704,8.68256720079059
3.06191224093608,8.73431101788597
2.91128186562596,8.78349180437576
2.75981925585484,8.830093291856251
2.60756421043544,8.87410742546748
2.4545611254375803,8.91551290481034
2.3008571540716,8.95429920840894
2.1464958897017192,8.99045267882157
1.9915223953946761,9.02395989517266
1.835977147242922,9.05480876452229
1.6799154250728439,9.08299534177112
1.523378603100529,9.10850225106557
1.366405444052597,9.13133294836624
1.209051295848466,9.15147168304467
1.051357188093966,9.16890467978433
0.893371207334086,9.183633755256789
0.7351431423016119,9.195668534616061
0.576718525478633,9.204963132526931
0.418136872637039,9.21153237341191
0.25944849600134,9.21539095593138
0.1007022549278424,9.216539928757431
-0.05804994288846452,9.21495006170116
-0.2167641233055292,9.21061696350717
-0.37539992499778296,9.203556579468081
-0.533907177295458,9.19378713405966
-0.692229320675516,9.18129854428237
-0.8503277319377041,9.166061388710201
-1.008166543253213,9.148107504220889
-1.1656774822074,9.12743242827478
-1.3228286170474042,9.1040369053802
-1.4795662068914561,9.0779450069733
-1.635846277267579,9.04914152391415
-1.791619035352455,9.017639435900211
-1.946837597538309,8.9834545199266
-2.101456825550706,8.94659154187416
-2.255428988589587,8.907059281905429
-2.4087101396415402,8.86487036393164
-2.5612510349888797,8.82003995030308
-2.71300911769884,8.7725761058159
-2.86393434077757,8.72248703455913
-3.01398655895213,8.66979427554101
-3.1631156769118602,8.6145056558779
-3.31127666285433,8.55664216759249
-3.45842655784294,8.49621720409812
-3.60451973694315,8.43325081578522
-3.74951334351837,8.36775387618949
-3.8933605999850505,8.29974937630619
-4.0360222854022,8.22925403194764
-4.17744989051192,8.15629104575508
-4.3176010330448005,8.08087898904777
-4.45643540084488,8.00303743829686
-4.59390890246976,7.922792206303519
-4.72997700267636,7.84016397257166
-4.86460094561277,7.75518076069598
-4.99773676323232,7.66786034998447
-5.12934501890857,7.57823149464183
-5.2593831563545095,7.48631840476611
-5.38781478282586,7.39215255524754
-5.51460144218476,7.2957598171640505
-5.639699935658021,7.19716636561218
-5.763070853738419,7.096399237195429
-5.88467542521104,6.99348851995425
-6.00448044904159,6.8884640143392
-6.12244499801861,6.78136053805215
-6.238534999986991,6.67220483484373
-6.35270825711623,6.56103468304998
-6.46493190626033,6.44787996907967
-6.57517487826681,6.3327743857215495
-6.68339860630157,6.21575282191508
-6.789570173644901,6.0968473901938705
-6.89365475872431,5.97609165535049
-6.99562253044854,5.85352631216539
-7.09543874071036,5.7291878395676505
-7.19307020925506,5.603110756876649
-7.28848917354858,5.47533413810025
-7.38166413310516,5.3458957586007
-7.47256423630074,5.21483588287952
-7.56116357679068,5.082191815379691
-7.64742974868579,4.94800430412797
-7.73133856260962,4.81231203367212
-7.81286042740732,4.67515957911948
-7.89197320782032,4.53658656289144
-7.968647227231481,4.39663432763388
-8.04285465452199,4.25534605925337
-8.11457666552198,4.11276558769668
-8.18378940349556,3.96893197763703
-8.25047003617003,3.82388952141811
-8.314598679882529,3.67768782786115
-8.37614749264309,3.53036874856481
-8.43510013979154,3.38197932945517
-8.4914384969167,3.23255951960832
-8.54513698473289,3.0821592166489
-8.59619153079749,2.93081747614865
-8.64457410125754,2.7785904181844803
-8.69027380927937,2.6255186829205
-8.73326936480522,2.47165279337515
-8.77354566165235,2.31704089274923
-8.81108807759734,2.161727885848846
-8.84588750227257,2.005761831173197
-8.87793506734193,1.84918944725237
-8.907215382655881,1.692062403810078
-8.93371157122686,1.534426422144251
-8.95743243654797,1.3763336765525138
-8.97835630770569,1.217827032782117
-8.99646874437887,1.058967748525873
-9.01177678195735,0.899784513557482
-9.02426993136962,0.740356600012176
-9.033931577812371,0.580711940793177
-9.04078219048357,0.420892959684259
-9.0448031376214,0.260966612562481
-9.04598727918412,0.1009854241858711
-9.044336142234751,-0.0590031697654168
-9.039848093629448,-0.2189528438901336
-9.03250919328336,-0.378808520042822
-9.02234395210826,-0.538529830522035
-9.00936677473662,-0.6980716067856441
-8.99352897698418,-0.857371917895101
-8.97487955350113,-1.016385119878404
-8.95339420357783,-1.175052757245287
-8.92909373934846,-1.3333345664521068
-8.90198048331444,-1.491178244067547
-8.87206428232526,-1.6485256641269261
-8.83934576193494,-1.805335664625382
-8.80384041206718,-1.961554010482657
-8.76555622699761,-2.117130957865707
-8.72450337308517,-2.272018767766056
-8.68069503464295,-2.4261675312155
-8.63414674576672,-2.5795301749482498
-8.58486343340212,-2.73205168856755
-8.53287185468203,-2.8836873192482804
-8.478174833365781,-3.03438750319423
-8.42079460031262,-3.18410782425963
-8.3607481020349,-3.33279704219968
-8.29804888731297,-3.48040969540078
-8.23271822050557,-3.62689568029697
-8.16477801668944,-3.7722077532053904
-8.09424539099161,-3.91629734745668
-8.02113998065918,-4.0591203295837
-7.945485909918959,-4.20062888726715
-7.86730460775779,-4.34077644808301
-7.78662160199333,-4.4795207239395705
-7.70346010073046,-4.6168169841776905
-7.61784656756209,-4.75261903817821
-7.5298078720868595,-4.88688195693299
-7.43936927937045,-5.01956210031826
-7.3465551105891995,-5.1506167200004604
-7.25139721412222,-5.28000325676334
-7.15392714124786,-5.40767672066082
-7.05417441344109,-5.53359581170932
-6.95216848968587,-5.65772002275483
-6.847940911655741,-5.78000759259171
-6.74152215140444,-5.90042100917577
-6.6329459266762,-6.01891841719445
-6.5222503230341,-6.13546179487832
-6.4094683745438505,-6.25001120624157
-6.29463288894927,-6.36252807201351
-6.1777820162217605,-6.47297783229711
-6.0589490619499795,-6.581321299789099
-5.9381721637236,-6.68752460817884
-5.81549094738906,-6.79154774681333
-5.6909456898713895,-6.8933594079932
-5.56457374326977,-6.99292251978207
-5.43641597034027,-7.0902061616012695
-5.30651329272911,-7.18517880589161
-5.17490548212849,-7.277805821733681
-5.04163421891433,-7.368057236096741
-4.9067418923235095,-7.45590331849072
-4.770274521000919,-7.541310291741519
-4.63227332711312,-7.624251737923609
-4.49278262244034,-7.704698520032309
-4.35184829397475,-7.78262113518008
-4.209514033262391,-7.85799443499284
-4.065823822964401,-7.93079637376297
-3.92082493767976,-8.00099781849461
-3.77456616979715,-8.06857501197851
-3.6270953214408497,-8.13350811611293
-3.47845603821987,-8.19576847213578
-3.3286983739976304,-8.255338360226471
-3.17787286891671,-8.31219244701073
-3.0260225523616997,-8.36631527690974
-2.87320466068295,-8.41768266488653
-2.7194624177499502,-8.46628341920707
-2.56485165596444,-8.51209040391882
-2.40941801217055,-8.555092759275109
-2.25321303754462,-8.59527501541155
-2.096287536671371,-8.63261909258051
-1.9386929287249859,-8.66711305932
-1.78048334204508,-8.69874747334632
-1.621711363258615,-8.7275074182105
-1.462419412566835,-8.75338148768486
-1.3026700959456,-8.7763640024632
-1.142514718610896,-8.79642705424075
-0.981998310187869,-8.81360336683216
-0.821182744099558,-8.82783622940609
-0.660119351256963,-8.83915970471197
-0.498861397803052,-8.84756586567796
-0.337461929691537,-8.85301862059616
-0.1759717090680385,-8.855522845810949
-0.014444186870378298,-8.85508733181709
0.1470648840582072,-8.85171794922336
0.30849925746790097,-8.84541706671691
0.46980264505221103,-8.83616939467961
0.630929442264738,-8.82395476352665
0.791834714543152,-8.80880984726155
0.952436726717086,-8.79072528722599
1.112710741204179,-8.76971350619595
1.272582969961938,-8.74576801414325
1.432010802120884,-8.71889685608699
1.590933621920859,-8.689119777085729
1.7492993518612252,-8.65643465365922
1.907057743570629,-8.62085136077808
2.064154583482757,-8.58238588506803
2.220538030922286,-8.54104729709389
2.37615052589379,-8.49684506146642
2.530940796656,-8.44979141738119
2.68485798948888,-8.39991034851585
2.83784754903995,-8.34720776295155
2.98986179622874,-8.29170561101926
3.1408455874433603,-8.23341325544161
3.29074608828222,-8.17235564656394
3.43951588244715,-8.10854748998791
3.58710268095332,-8.042014100281069
3.73345722896317,-7.97277051990591
3.87852477448334,-7.90084262112377
4.02225932264137,-7.82625289829149
4.16461174575428,-7.749023048599479
4.30553120772624,-7.66917656919541
4.444971312376531,-7.58674269852324
4.582881701053839,-7.50174606178142
4.71921354709903,-7.41421308260841
4.85392133480971,-7.32417321948863
4.98696011244629,-7.231657650551201
5.11828047155189,-7.1366945493728
5.24783642796986,-7.03931501791361
5.37558276028882,-6.93955019119721
5.50147821423848,-6.83743292263342
5.6254801729294,-6.73299585991741
5.747541463637271,-6.62627616476191
5.86761995949338,-6.51730721894312
5.9856706780246505,-6.40612459693547
6.1016548819882,-6.29276355398148
6.2155331781228895,-6.17726657709926
6.3272609559556905,-6.0596690646336295
6.4368008029896,-5.9400107213491005
6.54411434118531,-5.8183301915358605
6.6491637690036,-5.69466742586725
6.75191081191398,-5.569064277472879
6.85232051558577,-5.441567475217219
6.9503546081704,-5.31221638314394
7.04597769090163,-5.18105306644368
7.13915675317858,-5.04812301770054
7.2298585579582895,-4.9134699606037096
7.31805006685123,-4.77714029395339
7.40369748622307,-4.63918186427016
7.48677104999229,-4.49963874750517
7.56724094216371,-4.3585583154547995
7.6450754909865,-4.21599059724891
7.72024943565047,-4.0719850300824705
7.792734557476191,-3.92658773483628
7.86250058249998,-3.77984972392664
7.92952576513427,-3.63182313453697
7.99378427026244,-3.48255351286521
8.0552536367027,-3.33209415517759
8.11390552916344,-3.1804978922944
8.1697208726455,-3.0278199101876497
8.22268107805126,-2.87410871699801
8.27275788547624,-2.71941914814933
8.31994017107583,-2.56380241546098
8.3642070937725,-2.40731079799173
8.40553927630622,-2.25000458278112
8.443922255008331,-2.091935546916419
8.47934406722098,-1.933159931221544
8.51178769028218,-1.7737299465004188
8.541236876804689,-1.6136991010434012
8.567684972955469,-1.4531291734058192
8.59111207603815,-1.292076060578475
8.61152505342959,-1.130586141565848
8.6288936273741,-0.9687338845766029
8.64324029001701,-0.8065592340453089
8.65451170213286,-0.644128549812798
8.662735967644231,-0.48149629288529
8.66793603305735,-0.31871903436556803
8.67007112030119,-0.1558566244164828
8.66913555938515,0.0070342659751607
8.66512669924702,0.16989537589352238
8.65802704909232,0.33266742473156097
8.6478536855253,0.495308469399076
8.63463978983531,0.65774821311024
8.61835850445782,0.819912824960084
8.5990213145824,0.981776335874506
8.576621605515019,1.1432550653509321
8.55117462947019,1.304306524741516
8.52269391813534,1.464865620030685
8.491173026756549,1.624879160316358
8.45662886453863,1.784285825263558
8.41907235354032,1.943030791580581
8.378515495129621,2.101056647464146
8.33497235903982,2.2583050478362017
8.2884551932381,2.41471930244212
8.23897595368493,2.57024166157579
8.18655786082741,2.7248203692986097
8.13121153661123,2.87839609454507
8.07295547766555,3.03091492207316
8.01181475538334,3.18231935875611
7.94780463956282,3.3325543313608703
7.880944769932,3.48156725362661
7.81125609746743,3.62930304819906
7.738766565286911,3.77570542367791
7.66349697408479,3.92072185648708
7.58547635411148,4.06430184672097
7.50473241237047,4.20639054011391
7.42128622132062,4.34693363436849
7.33517232744919,4.48588300860625
7.2464146451335605,4.62318463230641
7.155048867494109,4.75878894670713
7.06110378746024,4.89264350588801
6.96461108944713,5.024698629237379
6.8656035173589895,5.15490942517048
6.7641184346414995,5.2832268277339
6.66019238180309,5.40959950826916
6.55385874034021,5.5339829627851795
6.44515771652456,5.65632561062213
6.33412342473507,5.77658453762045
6.22079572245562,5.894714846572519
6.10521560257787,6.01067532198072
5.987421806389371,6.1244175603891104
5.8674573871372395,6.23589782273848
5.7453675420361,6.3450775799471995
5.6211935108572,6.45191218559393
5.49497938370132,6.55636418970718
5.36676824854029,6.658392314769269
5.23660798877125,6.75795929280279
5.10454536315494,6.85502330513681
4.97062755382734,6.949546920442749
4.83490230118341,7.0414928410195206
4.69741899724058,7.130826239430689
4.55822535660336,7.217516785545911
4.41737671271041,7.301525706261851
4.27492004547223,7.38282508221055
4.13090626915176,7.46138065358471
3.9853882726017202,7.53716002472565
3.8384185095571697,7.6101331015417095
3.69005403034324,7.680272172618801
3.54034568581453,7.74755022755333
3.38934973734456,7.8119372914691905
3.2371212233890603,7.87341216938581
3.08371483077231,7.93194250382136
2.92918428093239,7.98751404615261
2.77359151734493,8.040099024743
2.61699165846894,8.08967905012269
2.45944490104955,8.13622564368889
2.30100688887998,8.179726545158
2.141738467910138,8.22016085500725
1.9816952219747002,8.25750887903215
1.82093875908999,8.29175555649946
1.659528375653263,8.32288678185704
1.497526819318621,8.350893310456641
1.334987760510998,8.375760302640309
1.171974235126221,8.39747887986405
1.008557675376988,8.41602376348894
0.8447827489092921,8.431416537741779
0.680723783739127,8.44360954589124
0.51644217604066,8.45262107344332
0.351989384970111,8.45846938337793
0.1874342155169991,8.46112186099643
0.0228409383375148,8.46056841472133
-0.1417285124314245,8.4568082622692
-0.306210533228782,8.44982620059385
-0.470558652655565,8.43963991377177
-0.6347042978427531,8.42626704843098
-0.798560436400219,8.409691270544
-0.962094113120851,8.38993151621063
-1.125224833345222,8.36696893859418
-1.287900455550762,8.34082833997785
-1.45005301027999,8.311518996204171
-1.6116266207265468,8.2790365957545
-1.772555575917522,8.24339830106763
-1.932776394450022,8.20461734387314
-2.0922281428769542,8.16270704617855
-2.250847969861849,8.11768179586503
-2.4085706960204902,8.06955131819408
-2.5653442094885897,8.01834095061847
-2.7210999782325,7.96405900977698
-2.87578696113174,7.906727992182219
-3.02933703734761,7.846369576971281
-3.18169133458751,7.78300210543322
-3.33279197259093,7.71664824442785
-3.48257773533016,7.647331558148711
-3.6309927928622097,7.57507739751415
-3.77797689334738,7.4999103063699
-3.92347213263392,7.42185919361669
-4.0674234451077,7.34095287679025
-4.209771355365,7.25721714615097
-4.3504598963760195,7.17068117242854
-4.48943382978263,7.08138029190457
-4.62663769844725,6.98934794315894
-4.76201523337269,6.894616495116431
-4.89551253443145,6.79722240828801
-5.02707796711742,6.69719832124716
-5.156659804965139,6.59458104030781
-5.28420575130289,6.48941153086839
-5.40966500165072,6.38172834152716
-5.53298639553854,6.27157512527844
-5.65411649373306,6.15898937765573
-5.77300855986797,6.04401100180958
-5.88961297765438,5.926686766437809
-6.00388721305276,5.80705758409088
-6.11578401910181,5.6851737036516194
-6.22525282729409,5.56107832253986
-6.3322524767999795,5.43482206360817
-6.43673496180749,5.30644953985464
-6.53866025586367,5.17601016894079
-6.6379864153140495,5.04355490298289
-6.7346713252242605,4.90913442810252
-6.82867580435192,4.7727999815565205
-6.91996292859678,4.6346026622645695
-7.00849054096129,4.49459801188514
-7.09422223772304,4.35284116703469
-7.17712120904093,4.2093871921786
-7.25715634092168,4.06428722146504
-7.33428972320601,3.9176005669342002
-7.40848984298226,3.7693856220915
-7.47972430350892,3.61969845508347
-7.54796165811814,3.46859665369143
-7.613178576003589,3.31614271809996
-7.67533933191914,3.16239303915706
-7.73442006525023,3.00741430476027
-7.7903941213565,2.85126240111129
-7.84323572339722,2.69400023851742
-7.89292251513772,2.53568898111516
-7.93943192196517,2.37639308801471
-7.9827444467149995,2.2161718209269887
-8.02283514002125,2.0550912406608552
-8.05968889465388,1.8932167328778662
-8.09329164632121,1.730614830937637
-8.12362361760755,1.5673498618501092
-8.15066239781901,1.4034852633751052
-8.174410230802739,1.2390859634687028
-8.19484880829255,1.074214631672299
-8.2119620236702,0.9089480331862569
-8.22574982292028,0.743337575733466
-8.2362137884144,0.577473215650441
-8.24331796747877,0.411409830570168
-8.2470653249005,0.24520600201883602
-8.24746103113734,0.0789330506975049
-8.244505352338761,-0.0873361010681691
-8.23820110582123,-0.2535342538545173
-8.22855037170977,-0.41959495152973003
-8.21551999634029,-0.585446130184758
-8.19912418375231,-0.7510255637886689
-8.17939175145268,-0.9162577846966189
-8.15630223370089,-1.0810901995525009
-8.129874396142359,-1.245436020554909
-8.10011038384285,-1.4092406334487122
-8.06702464947376,-1.5724342906587632
-8.03063023226081,-1.73494735499481
-7.99093888459711,-1.8967120103745811
-7.94796268350513,-2.057660764874889
-7.901713943291099,-2.217724242204477
-7.85221882705437,-2.37683818824084
-7.7994872631293,-2.53493502733343
-7.74354698493741,-2.6919516409961597
-7.6844064122513895,-2.84781979954525
-7.62209500173536,-3.00247408305549
-7.556635500940629,-3.15584921110345
-7.48805184254058,-3.30788042705912
-7.41636866472727,-3.45850663773855
-7.34161695688106,-3.60765986526191
-7.263822332691319,-3.75527873293131
-7.18301136873632,-3.90130062797728
-7.09922168619533,-4.04566215452093
-7.0124829053676905,-4.18830105593079
-6.92283259167667,-4.32915664328792
-6.8303017862438296,-4.468167089493409
-6.73492800230564,-4.60527507152557
-6.63674947718156,-4.74042218485274
-6.5358052962986,-4.87354861309198
-6.43213397517453,-5.00459782730781
-6.3257785147783405,-5.1335119085026495
-6.21678209224346,-5.26023619220681
-6.10518892574486,-5.3847128709043695
-5.99104176290718,-5.50688743011485
-5.87438778577426,-5.626707946286659
-5.75527599629637,-5.74412271518532
-5.63375058742876,-5.85907784222631
-5.50986447083736,-5.97152568268163
-5.38366941401647,-6.0814150181768305
-5.255214758090689,-6.18869309843288
-5.1245558742696,-6.29331721777649
-4.99174361982706,-6.39523832112503
-4.8568343179210895,-6.4944131571166395
-4.71988301551343,-6.59079542797979
-4.580945760114989,-6.68434041424328
-4.44008013821231,-6.7750069080415205
-4.29734912807594,-6.86274967479221
-4.15280972820486,-6.94753540509385
-4.00652342214652,-7.02932179254966
-3.8585497797733197,-7.10807375557456
-3.70894948193529,-7.183754671003269
-3.55778884927919,-7.256326743532631
-3.40512898045029,-7.32575861997079
-3.25103670472945,-7.39201417103462
-3.0955753444904,-7.45506406654473
-2.9388139689006803,-7.51487773939413
-2.78081775377699,-7.57143205454056
-2.6216559373656,-7.6246906296406
-2.46139086733805,-7.674636152646631
-2.3000962738744803,-7.72123433157501
-2.1378395395917806,-7.76446880654246
-1.97469116890188,-7.80431926502959
-1.8107216790831089,-7.84076238064484
-1.646002414052631,-7.87377945443895
-1.480602657731321,-7.90334921028349
-1.314592213859401,-7.92946315474596
-1.148047692788414,-7.95211285367238
-0.981039549018375,-7.97125667111121
-0.813639034334674,-7.98693247785086
-0.645927111056015,-7.999085297096579
-0.477962902504672,-8.00771780702221
-0.309823993998409,-8.01285223688613
-0.1415960907832956,-8.01446119294828
0.02665063544321621,-8.01253579291901
0.1948414251991711,-8.00706610942173
0.362905917145679,-7.998050299428661
0.530777244635709,-7.98552593340417
0.698371273194638,-7.9694750961084395
0.865625663030279,-7.94987809172269
1.0324464950560008,-7.92676747871627
1.198777809500709,-7.90013580543244
1.364532878403082,-7.870001914175461
1.5296391167174939,-7.83637151556473
1.694024785470771,-7.79925431275773
1.8576155349999608,-7.758667811153471
2.0203378348435708,-7.71462937996816
2.182118571095125,-7.66715421741481
2.34288129740652,-7.61625631410039
2.5025567242623996,-7.56196436099179
2.6610707879992,-7.50429539149931
2.81834881436072,-7.44327302836545
2.97432601075991,-7.37891757932358
3.12892519828032,-7.31126054148714
3.28207743264614,-7.240323349995629
3.4337114432962803,-7.16614020678421
3.58375664234911,-7.08874039968363
3.73214453350601,-7.00815400113163
3.87880851791724,-6.92441705826473
4.02368105935812,-6.83756297724592
4.16669437324296,-6.7476306645162705
4.30777761349147,-6.65465509171533
4.44686716150252,-6.55867920643733
4.58389725895924,-6.45974388179376
4.71880456940399,-6.35788901120867
4.85152625588433,-6.253157811606799
4.98199946402751,-6.145597935317911
5.1101647016807,-6.0352548486143895
5.23595679612068,-5.92217919872458
5.3593170881929595,-5.80641783685215
5.4801888938793795,-5.688021236111259
5.59851199667127,-5.56704113615005
5.71423217471162,-5.44353297630933
5.827292649867999,-5.317548105857901
5.93763720087864,-5.189145876804091
6.04521469049579,-5.058382410166001
6.14997001421324,-4.92531387895372
6.251855449097469,-4.7900012068758
6.35082015641265,-4.65250538856867
6.44681411322406,-4.51288855530629
6.539791228350509,-4.37121256958644
6.62970841893494,-4.22754048729693
6.716515192668631,-4.08194005472557
6.80017388983881,-3.93447452918571
6.880636142315151,-3.7852147270828502
6.9578656473488,-3.63422526106905
7.0318241516477205,-3.4815769461937203
7.10247109040824,-3.32733550531969
7.16977392618549,-3.17157810047672
7.23369474312365,-3.01437203712585
7.2942036678490005,-2.85579178983242
7.35126403392526,-2.6959085397264397
7.4048474879171895,-2.53480085869036
7.45493128069531,-2.3725372700897402
7.501479133729889,-2.209199406966666
7.544468737054521,-2.044861710663179
7.58388105023535,-1.879598738258423
7.61968914565524,-1.713488534424818
7.65187033439127,-1.546608113118875
7.680413145158671,-1.379039606754765
7.7053010921605,-1.210859211786723
7.72650471331737,-1.0421453319194591
7.74403162181989,-0.8729854947456539
7.757857377856721,-0.703448938380956
7.76798289058387,-0.533616304051212
7.77438475839391,-0.363586535440531
7.77706790290204,-0.1934333591529337
7.77602434203675,-0.02322733300475366
7.77125325177712,0.14695161232938642
7.762747174517649,0.317020234743339
7.7504984645533,0.486877449526957
7.7345227330505,0.656450492772641
7.71481665946545,0.825667364514638
7.69139181735744,0.99443879871754
7.6642434049144,1.16268397793585
7.633396918921081,1.330319680969636
7.59885603394999,1.49726704478823
7.560634896664279,1.663442558194123
7.518751063382279,1.828761602942577
7.473216095693401,1.9931414908402099
7.4240557088261205,2.15650674755218
7.37128590834855,2.3187763143344498
7.31493316748522,2.47986996806402
7.25501865878026,2.6397031017715804
7.19156775725937,2.79819920393801
7.12461075826742,2.9552788798672003
7.054171652882,3.1108656320529002
6.98028757552507,3.26487795009103
6.90299043352198,3.41724157456335
6.82231080632727,3.56787673333622
6.738290592782731,3.71671029666465
6.65096313221491,3.8636648348148004
6.56037094972213,4.008666905370539
6.4665525484733895,4.15164072330205
6.3695527665293,4.29251525842934
6.26941909707403,4.43121862860462
6.16619841499762,4.5676796774872805
6.05993621155016,4.7018283608875695
5.95068615852978,4.8335928565952795
5.83849611746192,4.96290730322018
5.72341840620043,5.08970354732153
5.60551113274472,5.21391506219798
5.4848280803690095,5.33547666458204
5.36142778229657,5.4543272063165205
5.23536889317246,5.57040433926343
5.106714551021209,5.683645047744561
4.97552612784166,5.7939905208551306
4.84186749567194,5.90138029117078
4.7058006924038605,6.0057553326551
4.56739280650425,6.10706175716409
4.42671233571898,6.2052471230887996
4.28382872739453,6.3002574631964094
4.138813679544921,6.3920403069508005
3.99173833278826,6.48054487926407
3.84267371477645,6.56572696144004
3.6916933827620797,6.6475346562004
3.5388761043700603,6.7259248137215
3.38429314882144,6.8008537856947395
3.22802522145239,6.87227722834235
3.0701495529557903,6.9401584179711
2.9107445492613397,7.00445605244826
2.74989265483247,7.06513579731444
2.58767314194872,7.12216011490475
2.42417377359872,7.175495091162469
2.25947000322307,7.22511741447147
2.093649211520027,7.270986505994189
1.926795087573319,7.31307924046296
1.758993615439064,7.35136982147396
1.590331786487169,7.3858300509722
1.420896432798283,7.41644098131205
1.250773804183014,7.4431913169554
1.080046025148301,7.46604907983164
0.908818873095695,7.48500555859602
0.73715478197919,7.50005386280578
0.5651720021983571,7.51116888347259
0.39294714781365003,7.51834720518192
0.220562459213615,7.52158321167801
0.048115746186956895,7.52087009563763
-0.12429851530027561,7.516202061672139
-0.296594239580366,7.507580779478511
-0.46868819347621204,7.49500479388415
-0.6404683546700589,7.4784550297147305
-0.8118558501280171,7.4579688402984
-0.982761141003466,7.43351368958891
-1.153088455826649,7.40513063395417
-1.32274984526325,7.37282047748993
-1.491655664925994,7.33659280895419
-1.6597132957228489,7.29646864437673
-1.8268315273348619,7.2524661093035
-1.992916882537458,7.20459902942536
-2.157883360806625,7.15289702773288
-2.32163846537154,7.09737344799007
-2.48409504100694,7.03806214459239
-2.64516316226394,6.97498831476382
-2.80475628654568,6.90817869037728
-2.96278548886434,6.83766726885335
-3.11916229083384,6.7634892301472895
-3.27380489348233,6.68567843644284
-3.4266228320376397,6.6042755785221505
-3.5775329151123403,6.51931632084914
-3.7264495160390396,6.43084642237285
-3.87328925756671,6.33890709681079
-4.0179715788538,6.24354677728022
-4.16041477167162,6.14481295415238
-4.30053671004931,6.0427569660666
-4.43825840740186,5.93742925562377
-4.57350370611314,5.82888215138987
-4.70619447587619,5.71717512986411
-4.83625637800644,5.6023650342997
-4.9636130999588595,5.484508261213859
-5.0881901748907,5.36367182248766
-5.20991521342573,5.239913239107111
-5.32871795631701,5.113300917679799
-5.44453028813492,4.983900210060501
-5.55728373798972,4.85178086243549
-5.66691387181659,4.7170129006167905
-5.77335505277342,4.5796681055823
-5.876543916946121,4.43982053887002
-5.97641828318222,4.29754404572516
-6.07291821642814,4.15291277061253
-6.16598615122381,4.00600901027652
-6.25556635787672,3.85691220607416
-6.34160576314883,3.70570213121493
-6.424046904195659,3.55246321782207
-6.50284301158412,3.39727862667751
-6.57794556273811,3.24023041471647
-6.64930488084644,3.08140607048231
-6.71687654370145,2.92089510899223
-6.7806207899783,2.7587876438935
-6.8404931919483705,2.59517136583863
-6.8964597794778,2.43013800344871
-6.948476374734261,2.2637830775512198
-6.99651590590208,2.096193500764787
-7.04053810162429,1.927468530790517
-7.0805164878949896,1.757702276780202
-7.11642397269414,1.586990486730161
-7.14823359418665,1.41542770513818
-7.175928499318459,1.243115107585709
-7.19947633270948,1.070150058061596
-7.2188648505879,0.8966294942934709
-7.234082692480559,0.722650840091408
-7.245124369301701,0.548325385504508
-7.251945988477621,0.37374663167742095
-7.25455311896973,0.1990111320188832
-7.2529481692361095,0.02422346518265337
-7.24713263568761,-0.1505131775906986
-7.2371122690278105,-0.325097032704566
-7.22285879564752,-0.49942053833967703
-7.204367078374339,-0.6733921477501861
-7.18166817969856,-0.846895721163463
-7.1547507255464495,-1.019845874569881
-7.123634480903419,-1.192128976124076
-7.08833093242838,-1.363643945430443
-7.04885586466659,-1.534290069054973
-7.0052308960214695,-1.7039654941756082
-6.9574794510913005,-1.872568294558425
-6.90561610260966,-2.039992193803649
-6.84967693097749,-2.2061410172093012
-6.78968475533657,-2.37091198570209
-6.72566570687118,-2.53420815568957
-6.6576604938110595,-2.6959265742337797
-6.5856973073063205,-2.85597196038889
-6.50981628741786,-3.0142425799559103
-6.43005755051641,-3.1706411117206104
-6.34646653691511,-3.3250760238537
-6.25908552756347,-3.4774459594342897
-6.16796539246591,-3.62766066883536
-6.073150333146669,-3.77562157702761
-5.9746983624785095,-3.92123828022899
-5.87266226825241,-4.06441882808505
-5.76709990049319,-4.20507247711352
-5.65807233198984,-4.34311130018951
-5.545638416632601,-4.47844689723556
-5.429862313862699,-4.61099355799972
-5.31081325207748,-4.74066680748488
-5.18855679206506,-4.86738160966563
-5.06316459840124,-4.9910584294655
-4.9347084325275805,-5.11161310440776
-4.80326319197971,-5.22896880475212
-4.668908715723109,-5.34304798849284
-4.53172168010905,-5.453776740937601
-4.39178617626329,-5.56108391176746
-4.24918312986593,-5.6648934233119
-4.10399742952476,-5.7651385671069395
-3.9563139416568704,-5.86175047988786
-3.80622293721464,-5.95466504359033
-3.6538160845868,-6.04381703933816
-3.49918453782239,-6.12914702203242
-3.34242476536835,-6.21059375349785
-3.18362876340744,-6.28810439627742
-3.0228947832261204,-6.3616199473344395
-2.86032325899913,-6.43109038693664
-2.69601412445742,-6.49646722901497
-2.53006534993898,-6.55769834474327
-2.3625821329983996,-6.614746444411759
-2.193670187602084,-6.66756478382667
-2.023434834085665,-6.71611325108457
-1.851984399690798,-6.7603508814174
-1.679423991205363,-6.80024835126604
-1.505862626239159,-6.83577062189986
-1.331409360060888,-6.8668850987922205
-1.1561755065099169,-6.89357786969755
-0.980274150520748,-6.91581889305556
-0.803821827627203,-6.93357591621318
-0.626918373250331,-6.94685309988488
-0.449700412576969,-6.95563380571874
-0.272270052879963,-6.95988510349237
-0.0947380163596224,-6.95960782138056
0.0827787841066442,-6.9548045494921
0.26016360125010457,-6.94547290257518
0.437295594518183,-6.93157599587262
0.614057696661935,-6.91314216598815
0.7903333160947661,-6.8901722315289895
0.966011021136673,-6.86267654404688
1.140973805084057,-6.83066055389959
1.3151007462982651,-6.79414441317411
1.48827566031274,-6.75314541023464
1.660383091857471,-6.70768642254275
1.831304180208309,-6.6577877118925795
2.000923984758672,-6.60347843871849
2.169127489602367,-6.54478375104388
2.33580206801774,-6.48173877260869
2.50083158043296,-6.4143797786567
2.66410445487137,-6.34274197538441
2.82550636218407,-6.26686840609866
2.9849237342935897,-6.18680584043844
3.14224717261009,-6.1025971175855
3.2973663201989,-6.0142984058353
3.45017262212866,-5.9219561080206695
3.60055773724644,-5.8256323815080595
3.7484163641774897,-5.72538404228459
3.8936425781057897,-5.62127224673673
4.03613045371638,-5.51336492356958
4.17577916442788,-5.40172671143361
4.3124871978113894,-5.28643011129446
4.446156797214369,-5.16754902271315
4.57669118854365,-5.04516000815415
4.70399409661805,-4.91934025311424
4.827972365560489,-4.79017194728337
4.94853124739125,-4.65774192181422
5.06558405567146,-4.52213359912931
5.17904048729045,-4.3834365634662396
5.28881787333955,-4.24174469218342
5.39483174917615,-4.0971515772420695
5.49700317864228,-3.9497534621164796
5.595248918680269,-3.79964858806538
5.68949536556486,-3.6469409006780804
5.77966635748612,-3.49173412833842
5.86569700087801,-3.33413128030596
5.94751242032878,-3.17424165077519
6.0250531749599805,-3.0121746050361002
6.09825378738934,-2.8480438654733
6.1670505192735305,-2.68196227972875
6.2313899620071,-2.51404781720624
6.29121735791914,-2.34441571405798
6.34648750972274,-2.173184561685355
6.3971407801947695,-2.000477491609831
6.44314156500335,-1.826413064798703
6.48444265897553,-1.651119469936454
6.5210055448677195,-1.4747208582980038
6.55279380667437,-1.2973418005409951
6.57977652458636,-1.119112504051659
6.6019329692929105,-0.9401676040220319
6.6192378939155,-0.760620909337854
6.63165970288915,-0.5806238571704321
6.63919111531759,-0.400299642321605
6.64182399728486,-0.21977145958031302
6.6395351884288605,-0.039185634252714
6.63231138197406,0.1413249945727798
6.620157178270899,0.32163929942433
6.60307078718417,0.501609994193413
6.58105599990359,0.6810936197655111
6.5541060053004,0.8599671102172259
6.52224680945573,1.038091091890826
6.48548830159116,1.215330695431868
6.44384956858712,1.3915515289077862
6.39735293492968,1.5666164934146911
6.34602602194893,1.740389440639268
6.2899049908763605,1.912735862092425
6.22902101959423,2.083521804851148
6.16340793826316,2.2526124880419482
6.09310950034118,2.41987495824348
6.01816755818479,2.58517688613309
5.93862992499305,2.7483893193456304
5.85455324135624,2.90938173289572
5.76598994237882,3.06802095214403
5.67300358015653,3.2241813210655996
5.57565714389793,3.37773542029138
5.47401677024782,3.52855784958075
5.3681548507169605,3.6765256918289
5.25814351177568,3.82151732268249
5.1440647134776505,3.96341350816426
5.02599962337257,4.10209471238698
4.904030282359001,4.23744336999853
4.77824944215296,4.36934653380875
4.64874858053144,4.49769113747132
4.51562271575681,4.62236592709255
4.37897076550032,4.74326801341331
4.23889618467662,4.860287792870389
4.09550378131942,4.97332642272431
3.9489036583807904,5.08228426267931
3.79920538492573,5.18706280470043
3.6465266664686,5.28756828553588
3.49098299911785,5.3837103285959
3.33269570466366,5.47540215906599
3.17179064869742,5.5625585486144296
3.00839290151199,5.64509799576681
2.8426328921656,5.722941314252459
2.67464079344919,5.79601521004262
2.5045525217582796,5.86425172554264
2.3325013808734703,5.92757996631659
2.15862858075887,5.98594135749889
1.983075618597457,6.03926757940033
1.805982866506302,6.08751201686205
1.627500955128679,6.13061594229012
1.447774452389878,6.16853515489389
1.266951382093875,6.20122593918873
1.085180765008791,6.22864544377855
0.902620001608671,6.250759723874269
0.719419215218253,6.26754093514391
0.535740238752962,6.27896483025749
0.351723237379159,6.28502651347256
0.1675400161614113,6.2856875284316
-0.0166492539780118,6.28093850135358
-0.2006816846061057,6.27075562186326
-0.384420109486563,6.25514820219669
-0.567689358260357,6.23411174605385
-0.750329021728118,6.20766147805497
-0.932175133288802,6.17579722977069
-1.1130696070760169,6.1385332124476495
-1.29284793361803,6.09589533021882
-1.471351188244933,6.04791293256393
-1.64841709897141,5.99461145025103
-1.823885962689396,5.93602936635223
-1.997592343651396,5.87220607481415
-2.169382002926006,5.803182511253571
-2.33909209874901,5.72901181025567
-2.5065660198440103,5.64974300580438
-2.67164844692639,5.56543840800428
-2.83418248283419,5.476159708387961
-2.9940137348378197,5.38197886665147
-3.15099016122663,5.28296717379123
-3.30495913129432,5.1792053848330895
-3.45577403308761,5.07077386258185
-3.6032854062310697,4.95776493105872
-3.74734922153292,4.8402705304956
-3.8878235400438,4.71838460317897
-4.02456909613701,4.59221329910423
-4.15744660442356,4.46186105366269
-4.28632268642649,4.32744086061674
-4.41106463573966,4.18906946391428
-4.53154554110926,4.04686488670925
-4.64763716058729,3.9009538976340004
-4.75922133080546,3.75146484208928
-4.86617530508731,3.59853052620462
-4.96838689664739,3.44228730930313
-5.06574324367446,3.2828784095135397
-5.1581397713623005,3.1204469800135097
-5.24547388213518,2.95514258663085
-5.32764519773062,2.78712065923681
-5.40455996687392,2.61653632601882
-5.476128995234211,2.44354721129262
-5.54226583850882,2.26831782144884
-5.602894125267159,2.091014949260525
-5.65793507659256,1.911808939185991
-5.70731562181622,1.730870967698893
-5.75097196588282,1.54837799688235
-5.78884776733306,1.364508525540303
-5.82088204739728,1.179443913349432
-5.84702913730718,0.993362074717277
-5.86726028968007,0.8064549103952601
-5.8815063220493,0.6189066705415529
-5.88976085892164,0.430902619913412
-5.89201773738771,0.242641799929061
-5.88822597515693,0.054318103198486706
-5.8783491593446,-0.133876014226614
-5.86242609550723,-0.32175068006903096
-5.84043358089688,-0.509104477754881
-5.812371907232279,-0.695746422830579
-5.77824806900239,-0.8814734783151641
-5.73808388284257,-1.066086285601324
-5.691908288619841,-1.249388322690588
-5.639751411835251,-1.431180507705341
-5.5816524383103605,-1.611265335095971
-5.51765292687729,-1.789441974240304
-5.44780820617564,-1.965512012335775
-5.37217100058589,-2.139280053653893
-5.29079992046847,-2.31055141353057
-5.20377085280328,-2.47913334680642
-5.11115763313727,-2.64482986084037
-5.01304687962443,-2.80745131496989
-4.90952906063146,-2.96680674205627
-4.80069996426729,-3.1227095073865803
-4.68666493581847,-3.27497587290246
-4.56752958388332,-3.42342024518455
-4.44341583884023,-3.56786748062472
-4.314443415721399,-3.7081373925130503
-4.1807434198082,-3.84405789975897
-4.04245289304769,-3.9754602943249
-3.89971300909764,-4.10218064794496
-3.75267332825623,-4.22405579692435
-3.6014877243889902,-4.3409263449220905
-3.44631798179549,-4.45264081585964
-3.2873292024749903,-4.55905135506635
-3.12469528686432,-4.6600139459271706
-2.9585942343385296,-4.75539134438863
-2.78921088762928,-4.845049846121411
-2.6167341038766,-4.92886186993407
-2.44135841398283,-5.00670671576208
-2.26328308928055,-5.07847109850299
-2.082712316979819,-5.14404222657484
-1.899858353149633,-5.20332569473267
-1.714931877509411,-5.25621757419642
-1.528152377218297,-5.30263199017707
-1.339744413370624,-5.3424841645458905
-1.149933548677321,-5.37570088653209
-0.95894534781288,-5.40221396185119
-0.7670284878119751,-5.42196946631935
-0.5743988070100969,-5.4349206240089
-0.381316910008373,-5.44100901983531
-0.1880162049638064,-5.44021652166622
0.005259778363084002,-5.43252339694819
0.198257380643507,-5.41791714793623
0.390721517927533,-5.39635013523269
0.582412508033409,-5.36783559177481
0.773074346126459,-5.3323791292709295
0.962448237793582,-5.290004574510769
1.150280715110785,-5.240741434235099
1.336313638381283,-5.18462592184741
1.520296503030667,-5.12170277117969
1.7019697408057728,-5.05203356152243
1.8810807412585469,-4.97567857529854
2.057372286340652,-4.89271056227439
2.230592143582974,-4.803216075328709
2.40048819740013,-4.70728779592588
2.56681179648698,-4.6050319664048995
2.72931447845699,-4.49656398882638
2.88775344946333,-4.38200607831093
3.04188580124883,-4.26149029731305
3.19147240464409,-4.13516210767818
3.3362817955659203,-4.00317322494852
3.47608102204288,-3.8656862718588396
3.61064444528843,-3.72287484586238
3.73975236272355,-3.57492019149615
3.86319049894776,-3.42201730942309
3.9807465777204705,-3.26436516771714
4.0922220698299405,-3.10217651364017
4.19741872228711,-2.9356705848130202
4.29614622510328,-2.76507617030143
4.38822281904267,-2.59062901009939
4.473474532500839,-2.41257626161164
4.55173560592498,-2.2311736777491618
4.6228484183975205,-2.046684755287062
4.6866699548746595,-1.859380213722817
4.7430547923817095,-1.669539471748692
4.79188075630372,-1.4774470532593251
4.833024218936419,-1.283401311877687
4.866380606469409,-1.087699873762078
4.89185180946941,-0.890649143325883
4.90934316797523,-0.69256524900386
4.91880888791993,-0.49375718439042804
4.92017787207709,-0.294565452344713
4.91340375523363,-0.0953128640607466
4.89843879110893,0.1036590248905432
4.87527266142931,0.30202334317527
4.8438729847671205,0.49943639485262903
4.80425747064665,0.6955535190465849
4.7564447195285,0.8900194419316609
4.700477489779811,1.0824890525128819
4.63640009507848,1.272606147851713
4.56428232645388,1.4600196352073098
4.48419867970334,1.644375696181444
4.396244623148,1.8253219000828902
4.30052967821009,2.002505089521826
4.197181693622531,2.175573974366639
4.0863413583093,2.34418034539483
3.96816952048343,2.50797608695856
3.84284111403498,2.66661780004611
3.71054550712529,2.8197682913716
3.57149472824394,2.96709314224018
3.42591178918088,3.10826371879293
3.2740361316833404,3.24295969827004
3.11612925871916,3.37086714843862
2.95246345435657,3.4916775449444497
2.7833292904685,3.60509601083863
2.60903577736968,3.7108337057795
2.42990482916883,3.8086127230369398
2.246276044825496,3.8981688739998397
2.058504335112852,3.97925194628827
1.866962359409446,4.05161986081849
1.672032780149088,4.11504381187785
1.474119995507765,4.1693168068427795
1.2736373227598632,4.21424480971326
1.07101437518991,4.24964732482743
0.866699821115941,4.27536520761287
0.6611327715366859,4.2912605754539
0.454804972690263,4.2972158485211995
0.2481795314451667,4.293137007427211
0.04174185362020202,4.27894403598908
-0.163983124460961,4.25456987117523
-0.368504168572368,4.21997254389105
-0.571295914551619,4.17515103987094
-0.7718292475477231,4.12012290697677
-0.9695742802687429,4.054937758933169
-1.163989865806609,3.9796683856031803
-1.354533192757196,3.8944131549455
-1.5406578572452019,3.79929627224559
-1.7218164390082649,3.69447934137966
-1.897461240222702,3.58014817727157
-2.067043235451508,3.45652234785078
-2.23001814871624,3.32385662557433
-2.3858452712467404,3.182435804483
-2.53399298077474,3.03257443864013
-2.67393139908652,2.8746262852132
-2.80514550303821,2.70897719901242
-2.92713056863071,2.53604726683176
-3.03939590534573,2.35629371945713
-3.14146771624209,2.170208508947148
-3.2328894179253904,1.9783183084105902
-3.31322555838611,1.7811858612279359
-3.38206639895647,1.5794124808697791
-3.43902306030101,1.373630717113436
-3.4837438135159,1.164512121935338
-3.51590191146033,0.952763818524729
-3.53520297151687,0.7391228612800631
-3.5414011987176597,0.524366165362626
-3.53429936227346,0.309291405395264
-3.51372537338393,0.0947300107386784
-3.4795534505229497,-0.1184344051917116
-3.43170814894175,-0.32931201637378604
-3.37018592941966,-0.5369787577204279
-3.29503762257355,-0.740491889616842
-3.20637725976787,-0.938883080319864
-3.10438641882645,-1.1311668989502839
-2.98931548929177,-1.316345274384724
-2.86149187926272,-1.4934032138737279
-2.72132295907596,-1.6613235953996002
-2.56929830288114,-1.819088242604024
-2.40599738392853,-1.9656806038507422
-2.232093216584988,-2.100096640796708
-2.0483544451529427,-2.221347333748094
-1.855649716766143,-2.32847407175038
-1.654952634132389,-2.42054578791162
-1.447344877800972,-2.49668246422232
-1.234021284440558,-2.55605352395209
-1.016284546669943,-2.5979036955082604
-0.795557385662452,-2.62154098359827
-0.573374959731896,-2.62641483139868
-0.35138399415256,-2.6120353687905
-0.1313534115532039,-2.57806373844576
0.084850230235243,-2.52430251791724
0.295250318418885,-2.45075079590293
0.497780332734672,-2.3575902460249
0.690294630610153,-2.245229665078713
0.8705899213706461,-2.114323779782787
1.03642242988184,-1.965806546212088
1.1855401393039,-1.800918597784797
1.315725173250744,-1.6212337322144181
1.424833921871631,-1.428690126267919
1.5108618102625022,-1.2256066534964272
1.57200739838947,-1.0147094156771739
1.606762279999471,-0.799132781807093
1.613994125331766,-0.582410289285039
1.593095867487904,-0.368445665449458
1.544045490516877,-0.16145884416290612
1.467558753597642,0.0340919014183925
1.365218060820031,0.2136655919675881
1.239559463693337,0.372811463854543
1.094131663065601,0.507406565312622
0.9334884639936231,0.61392930382596
0.7631011715748359,0.6897709042282449
0.589157281949976,0.733526045102786
0.41824008996759804,0.745256002234536
0.2569167432023065,0.72664664946417
0.1112361304557779,0.6810030578813979
-0.01375583905498557,0.613094087022185
-0.1144545686278637,0.52881555595531
-0.18899255241252622,0.434698884803727
-0.237352458150288,0.337340599403887
-0.261253845996877,0.242835622859628
-0.263873533800819,0.1562725713431215
-0.249379830616703,0.081407756788447
-0.222464343225239,0.02051238677777818
-0.18781347570049461,-0.025605420642995372
-0.14970794787375918,-0.0574114356324755
-0.1117084434344815,-0.0763527745480221
-0.0765007770094284,-0.0844989850379724
-0.04586602218262561,-0.08422531381805709
-0.02075726420054789,-0.0779156894359664
-0.0014301284103011985,-0.0677460596394733
0.012347361241009599,-0.0555859689726475
0.02118620830975646,-0.042896583219448
0.02587811461139272,-0.030757605138356
0.027286408573264097,-0.019902639491482868
0.02626381867600442,-0.010744593070396869
0.0235947426332494,-0.00346519571645389
0.019956871836948227,0.001948094686299572
0.015897647431279138,0.00564178035967946
0.0118366207176596,0.0078441476515225
0.0080686045646955,0.008823723835175611
0.004785129141618001,0.00886006491980767
0.0020901454686927997,0.00822242153530712
0.000013767708936900103,0.007150987107340856
-0.0014669766163749997,0.0058492200864902096
-0.0024118473296857977,0.0044799014513433
-0.002903103555557099,0.0031648589618144
-0.0030334451016349982,0.0019874537892191
-0.002896335338928401,0.0009970779750195198
-0.002578790788520198,0.00021495590797749025
-0.002156603788603601,-0.00035947610387219997
-0.0016917759619032996,-0.0007422928478470793
-0.001231763560061598,-0.0009594177877707997
-0.0008100598878303979,-0.0010418579986601296
-0.00044766459122680055,-0.0010219308865780097
-0.00015506604003889812,-0.0009304638974406906
0.00006555323874799998,-0.00079488949651264
0.00021810753563240165,-0.0006381278523036301
0.0003105593122246994,-0.00047812826863938025
0.0003531450193356017,-0.00032792603255307057
0.0003569389087109999,-0.00019606477501154986
0.00033277068405520097,-0.00008724330805401012
0.0002904765978992002,-3.0681657954296365e-6
0.00023844221346130262,0.00005717808175669057
0.00018338551559339902,0.00009581532238601021
0.00013032693883100258,0.00011613095778198034
0.00008269552420720264,0.00012185347915857035
0.00004252537522270172,0.0001167430912954702
0.000010702397668399533,0.00010429741420860984
-0.000012772099876500603,0.0000875622408871412
-0.000028526624613299523,0.00006903157658950942
-0.000037590857775500475,0.000050618482004860174
-0.00004120292752390203,0.00003367811344043986
-0.00004065656020519823,0.000019065951076190427
-0.0000371879292872003,7.216644508929726e-6
-0.00003189916108909882,-1.7682689825698067e-6
-0.00002571367304349953,-8.032711858209363e-6
-0.000019357627948701078,-0.000011884915397700549
-0.000013361543160901601,-0.0000137270109174404
-8.076265236502123e-6,-0.00001399766094281954
-3.6980015035020797e-6,-0.000013128382816069914
-8.148247500339156e-9,-0.000011777751709759685
2.8776035924001075e-6,-9.88691917646993e-6
4.406762892199267e-6,-7.501618457628895e-6
5.162153299001493e-6,-5.232777682799214e-6
5.309019357600808e-6,-3.219081638099544e-6
5.011243591600961e-6,-1.5399517930003714e-6
4.4192908099024986e-6,-2.265711790995495e-7
3.6626495472993903e-6,7.265969857988414e-7
2.846047302700744e-6,1.3508216066999978e-6
2.0486338861008813e-6,1.6933287433004707e-6
1.3253381186996427e-6,1.8091303243990275e-6
7.096709406968771e-7,1.7546146984011995e-6
2.1734535980005854e-7,1.5828770478006765e-6
-1.497974138030267e-7,1.3406404615005224e-6
-3.9994012470193074e-7,1.066542250698424e-6
-5.477867976999562e-7,7.905249879008869e-7
-6.115705602008359e-7,5.340634794993859e-7
-6.106533321018071e-7,3.109707205004031e-7
-5.637309839004456e-7,1.2855418209979652e-7
-4.876064419005732e-7,-1.1066788999092303e-8
-3.964598685006482e-7,-1.0962888279987537e-7
-3.015278542996269e-7,-1.7148320340110157e-7
-2.1109824669893196e-7,-2.0251243900044902e-7
-1.307302268001298e-7,-2.0924352499979149e-7
-6.361816889954852e-8,-1.981667807002263e-7
-1.103039500016667e-8,-1.752536885005901e-7
2.7232055499482044e-8,-1.4565299050021963e-7
5.239738489967727e-8,-1.1353699519954519e-7
6.633312060050356e-8,-8.206643040131745e-8
7.122009779841898e-8,-5.344220199883509e-8
6.929669000080296e-8,-2.9015027399811877e-8
6.267244300264818e-8,-9.427972199813062e-9
5.320521969873204e-8,5.228384900371474e-9
4.2432840498263236e-8,1.526359150010037e-8
3.1548688200072617e-8,2.12485281002317e-8
2.141047160050813e-8,2.389678639691528e-8
1.2571962897806044e-8,2.3969398899731376e-8
5.32865450028619e-9,2.2203388197472584e-8
-2.3014960076617186e-10,1.9262757600807534e-8
-4.168644901492158e-9,1.5709177000888808e-8
-6.6554041028288324e-9,1.1988880398855484e-8
-7.920494198010442e-9,8.43209639958542e-9
-8.22028720093293e-9,5.261437598103047e-9
-7.810426898985368e-9,2.606037399766059e-9
-6.926647699856403e-9,5.18704797863867e-10
-5.772638100171035e-9,-1.0060693979296875e-9
-4.513833296720948e-9,-2.014873996813993e-9
-3.275900297555756e-9,-2.5799938990767046e-9
-2.1466774989542525e-9,-2.7865182002095867e-9
-1.1804261006165273e-9,-2.722193900850378e-9
-4.034001015174038e-10,-2.470007299387733e-9
1.8006710011952975e-10,-2.1032598024328664e-9
5.815676967779737e-10,-1.6828014988423678e-9
8.231475986941739e-10,-1.2560051991516996e-9
9.326191000025297e-10,-8.570620983749944e-10
9.397882992645545e-10,-5.081913015403394e-10
8.736202004866467e-10,-2.2140600117181997e-10
7.60284498552144e-10,-5.467015729010427e-13
6.219787011818578e-10,1.5665210101323268e-10
4.763920022354817e-10,2.566297001294071e-10
3.3666310017554935e-10,3.083065990006073e-10
2.1169810002219513e-10,3.216928980143141e-10
1.0671529979133787e-10,3.06816200917881e-10
2.391339903873302e-11,2.7295469703925157e-10
-3.682499791213267e-11,2.281508003354471e-10
-7.725529937996356e-11,1.7895799772627008e-10
-1.0016660070832906e-10,1.3037259813386548e-10
-1.088729002785005e-10,8.590490124804617e-11
-1.0680890200065463e-10,4.774029782605993e-11
-9.723619825985352e-11,1.6956099718745676e-11
-8.304499796163434e-11,-6.2399981015648365e-12
-6.664310076009983e-11,-2.2275702116214546e-11
-4.991170324264438e-11,-3.199840045708946e-11
-3.4215602573439696e-11,-3.6491001192962e-11
-2.044649866084214e-11,-3.6919498708209986e-11
-9.093999858711399e-12,-3.4423401629180006e-11
-3.228008138567162e-13,-3.0033999592893323e-11
5.9459000223416325e-12,-2.4630200656794443e-11
9.957198260357458e-12,-1.8914200067277065e-11
1.205689714733893e-11,-1.3409700433397731e-11
1.2636398871723742e-11,-8.473600293656958e-12
1.2090002610154471e-11,-4.316099561085807e-12
1.0783297865746277e-11,-1.0287014295951025e-12
9.034200471047527e-12,1.3897979989074827e-12
7.102998744734634e-12,3.0063000699964704e-12
5.188502405495399e-12,3.928499886507453e-12
3.431699369116359e-12,4.286900695538165e-12
1.919998882105034e-12,4.21679705042699e-12
6.979000710671812e-13,3.846797880235897e-12
-2.2580201597399707e-13,3.2913984038263067e-12
-8.665013151443191e-13,2.645602487083565e-12
-1.2566996054896862e-12,1.9844993703888036e-12
-1.4388004676568755e-12,1.363600204973281e-12
-1.4594991881722308e-12,8.177000743181395e-13
-1.363301832535413e-12,3.669009540629986e-13
-1.1911027719690992e-12,1.779826286352204e-14
-9.77801173362991e-13,-2.3199844823018623e-13
-7.519020128743392e-13,-3.9240138915985767e-13
-5.337015551720725e-13,-4.767020111984266e-13
-3.3789984699161835e-13,-5.008007897266964e-13
-1.725009024511337e-13,-4.796024688502598e-13
-4.169928291553049e-14,-4.280013843338537e-13
5.469930064450068e-14,-3.5890040939179357e-13
1.1919978892827032e-13,-2.82503187509775e-13
1.5629858518551032e-13,-2.0649801313332716e-13
1.7080087344467643e-13,-1.3640130691605634e-13
1.6779980183123655e-13,-7.639722188201858e-14
1.5309975509580909e-13,-2.7401692026529645e-14
1.3090223349720986e-13,9.30158727818764e-15
1.0520057047713749e-13,3.459732500488144e-14
7.879807917277049e-14,5.010228343316214e-14
5.4001941807158005e-14,5.699954397364593e-14
3.259892356055616e-14,5.790160018115387e-14
1.4800660697034118e-14,5.419970028341936e-14
9.992007221626409e-16,4.739958425759028e-14
-8.89913143176102e-15,3.8902908672255876e-14
-1.530026105811544e-14,3.00003077935429e-14
-1.8599705109423326e-14,2.1298934838043238e-14
-1.969951979319262e-14,1.3600232051658168e-14
-1.899869150889799e-14,7.101957910649048e-15
-1.709743457922741e-14,1.9984014443252818e-15
-1.43982048506075e-14,-1.9984014443252818e-15
-1.1497747198774277e-14,-4.503342143635791e-15
-8.701372955499664e-15,-5.904998712225051e-15
-5.898059818321144e-15,-6.598888102615774e-15
-3.5006719745211967e-15,-6.598888102615774e-15
-1.5994150448506161e-15,-6.0021432268797525e-15
9.71445146547012e-17,-5.100087019371813e-15
1.2004286453759505e-15,-4.198030811863873e-15
1.9984014443252818e-15,-3.1988300897012323e-15
2.0990154059319366e-15,-2.2967738821932926e-15
2.1996293675385914e-15,-1.700029006457271e-15
2.0990154059319366e-15,-8.951173136040325e-16
1.897787482718627e-15,-2.983724378680108e-16
1.5994150448506161e-15,9.71445146547012e-17
1.3010426069826053e-15,4.996003610813204e-16
9.992007221626409e-16,6.036837696399289e-16
8.98586760555986e-16,7.008282842946301e-16
5.967448757360216e-16,6.938893903907228e-16
3.0184188481996443e-16,7.008282842946301e-16
1.97758476261356e-16,4.996003610813204e-16
1.0061396160665481e-16,4.996003610813204e-16
0.,4.996003610813204e-16
-1.0061396160665481e-16,4.0245584642661925e-16
-1.0061396160665481e-16,2.0122792321330962e-16
-2.0122792321330962e-16,2.0122792321330962e-16
-1.0061396160665481e-16,2.0122792321330962e-16
-1.97758476261356e-16,1.0408340855860843e-16
-2.0122792321330962e-16,0.
-9.71445146547012e-17,0.
-1.97758476261356e-16,0.
-1.0061396160665481e-16,0.
-9.71445146547012e-17,0.
0.,0.
0.,-1.0408340855860843e-16
0.,-9.71445146547012e-17
0.,-9.71445146547012e-17
0.,0.
1.0061396160665481e-16,0.
0.,0.
0.,0.
0.,0.
0.,0.
-9.71445146547012e-17,0.
0.,0.
0.,0.
0.,0.
9.71445146547012e-17,0.
1.0408340855860843e-16,0.
0.,9.71445146547012e-17
0.,0.
0.,0.
0.,0.
0.,0.
0.,0.
0.,0.
0.,0.
-9.71445146547012e-17,0.
0.,0.
0.,0.
0.,0.
0.,0.
0.,0.
-9.71445146547012e-17,0.
-1.0408340855860843e-16,0.
-9.71445146547012e-17,0.
0.,0.
0.,0.
0.,0.
0.,0.
0.,0.
0.,0.
0.,0.
0.,0.
0.,-9.71445146547012e-17
0.,0.
0.,0.
9.71445146547012e-17,0.
9.71445146547012e-17,0.
0.,1.0408340855860843e-16
0.,0.
0.,0.
0.,0.
-9.71445146547012e-17,1.0408340855860843e-16
0.,0.
0.,0.
0.,0.
0.,0.
0.,0.
0.,0.
0.,0.
0.,0.
0.,0.
0.,0.
0.,0.
0.,0.
0.,0.
0.,0.
0.,0.
0.,0.
0.,0.
1.0408340855860843e-16,0.
0.,9.71445146547012e-17
0.,0.
0.,9.71445146547012e-17
0.,1.0408340855860843e-16
0.,9.71445146547012e-17
0.,0.
0.,-9.71445146547012e-17
0.,0.
0.,0.
0.,0.
0.,0.
-1.0408340855860843e-16,0.
0.,0.
-1.0408340855860843e-16,0.
0.,0.
-9.71445146547012e-17,0.
0.,0.
0.,-9.71445146547012e-17
0.,-9.71445146547012e-17
0.,-9.71445146547012e-17
0.,0.
0.,-9.71445146547012e-17
0.,0.
0.,0.
0.,0.
0.,-9.71445146547012e-17
0.,0.
0.,0.
0.,0.
0.,0.
0.,-9.71445146547012e-17
0.,1.0408340855860843e-16
0.,0.
0.,0.
0.,-9.71445146547012e-17
0.,0.
0.,0.
0.,0.
0.,-9.71445146547012e-17
0.,0.
0.,0.
0.,0.
0.,0.
0.,0.
0.,-1.0408340855860843e-16
0.,0.
0.,-1.0408340855860843e-16
1.0408340855860843e-16,0.
0.,0.
0.,0.
0.,0.
0.,0.
0.,0.
-9.71445146547012e-17,0.
0.,0.
0.,0.
0.,0.
0.,0.
0.,0.
0.,0.
0.,0.
0.,0.
0.,0.
0.,0.
0.,0.
-1.0408340855860843e-16,0.
0.,0.
-1.0408340855860843e-16,0.
0.,0.
0.,0.
0.,0.
0.,0.
-1.0408340855860843e-16,0.
0.,0.
-9.71445146547012e-17,0.
0.,0.
-1.0408340855860843e-16,0.
0.,0.
-1.0408340855860843e-16,0.
0.,0.
0.,0.
0.,0.
0.,0.
0.,0.
0.,-9.71445146547012e-17
0.,0.
0.,0.
0.,-9.71445146547012e-17
0.,-9.71445146547012e-17
0.,0.
0.,0.
0.,0.
0.,0.
0.,9.71445146547012e-17
9.71445146547012e-17,0.
9.71445146547012e-17,0.
0.,0.
0.,0.
0.,0.
9.71445146547012e-17,0.
0.,0.
0.,0.
0.,9.71445146547012e-17
-9.71445146547012e-17,0.
0.,0.
-9.71445146547012e-17,0.
0.,0.
0.,-9.71445146547012e-17
0.,-9.71445146547012e-17
0.,0.
0.,0.
9.71445146547012e-17,0.
9.71445146547012e-17,0.
0.,0.
0.,9.71445146547012e-17
0.,0.
-1.0408340855860843e-16,-9.71445146547012e-17
0.,0.
0.,0.
0.,0.
0.,0.
0.,0.
1.0408340855860843e-16,0.
0.,0.
0.,0.
0.,0.
0.,0.
0.,0.
0.,0.
0.,0.
0.,0.
0.,0.
1.0408340855860843e-16,0.
0.,0.
0.,0.
0.,0.
0.,0.
-1.0408340855860843e-16,0.
-9.71445146547012e-17,0.
0.,0.
1.0408340855860843e-16,-9.71445146547012e-17
9.71445146547012e-17,0.
0.,0.
0.,0.
0.,0.
0.,0.
0.,0.
0.,0.
0.,0.
9.71445146547012e-17,0.
0.,0.
0.,0.
0.,0.
0.,0.
0.,0.
9.71445146547012e-17,0.
0.,0.
0.,0.
0.,0.
0.,0.
0.,0.
0.,0.
0.,0.
0.,0.
0.,0.
0.,0.
0.,0.
0.,0.
0.,0.
0.,0.
0.,0.
0.,0.
0.,0.
0.,0.
0.,0.
0.,0.
1.0408340855860843e-16,0.
0.,0.
0.,0.
0.,0.
0.,0.
0.,0.
0.,0.
0.,0.
0.,0.
0.,0.
0.,0.
0.,0.
0.,0.
0.,0.
0.,0.
9.71445146547012e-17,0.
0.,0.
0.,0.
0.,0.
0.,0.
0.,0.
0.,0.
0.,0.
0.,0.
0.,0.
0.,0.
0.,0.
0.,0.
0.,0.
0.,0.
0.,0.
0.,0.
0.,0.
0.,0.
0.,0.
0.,0.
0.,0.
0.,0.
0.,0.
0.,0.
0.,0.
1.0408340855860843e-16,0.
0.,0.
0.,0.
9.71445146547012e-17,0.
0.,0.
0.,0.
0.,0.
0.,0.
0.,0.
0.,0.
0.,0.
0.,0.
0.,0.
0.,0.
0.,0.
0.,0.
0.,0.
9.71445146547012e-17,0.
0.,0.
0.,0.
0.,0.
0.,0.
0.,0.
0.,0.
0.,0.
0.,0.
0.,0.
0.,0.
0.,0.
0.,0.
0.,0.
0.,0.
0.,0.
0.,0.
0.,0.
0.,0.
0.,0.
0.,0.
0.,0.
0.,0.
0.,0.
0.,0.
0.,0.
0.,0.
0.,0.
0.,0.
0.,0.
0.,0.
0.,0.
0.,0.
0.,0.
0.,0.
0.,0.
0.,0.
0.,0.
0.,0.
0.,0.
0.,0.
0.,0.
0.,0.
0.,0.
0.,0.
0.,0.
0.,0.
0.,0.
0.,0.
0.,0.
0.,0.
0.,0.
0.,0.
0.,0.
0.,0.
0.,0.
0.,0.
0.,0.
0.,0.
0.,0.
0.,0.
0.,0.
0.,0.
0.,0.
0.,0.
0.,0.
0.,0.
0.,0.
0.,0.
0.,0.
0.,0.
0.,0.
0.,0.
0.,0.
0.,0.
0.,0.
0.,0.
0.,0.
0.,0.
0.,0.
0.,0.
0.,0.
0.,0.
0.,0.
0.,0.
0.,0.
0.,0.
0.,0.
0.,0.
0.,0.
0.,0.
0.,0.
0.,0.
0.,0.
0.,0.
0.,0.
0.,0.
0.,0.
0.,0.
0.,0.
0.,0.
0.,0.
0.,0.
0.,0.
0.,0.
0.,0.
0.,0.
0.,0.
0.,0.
0.,0.
0.,0.
0.,0.
0.,0.
0.,0.
0.,0.
0.,0.
0.,0.
0.,0.
0.,0.
0.,0.
0.,0.
0.,0.
0.,0.
0.,0.
0.,0.
0.,0.
0.,0.
0.,0.
0.,0.
0.,0.
0.,0.
0.,0.
0.,0.
0.,0.
0.,0.
0.,0.
0.,0.
0.,0.
0.,0.
0.,0.
0.,0.
0.,0.
0.,0.
0.,0.
0.,0.
0.,0.
0.,0.
0.,0.
0.,0.
0.,0.
0.,0.
0.,0.
0.,0.
0.,0.
0.,0.
0.,0.
0.,0.
0.,0.
0.,0.
0.,0.
0.,0.
0.,0.
0.,0.
0.,0.
0.,0.
0.,0.
0.,0.
0.,0.
0.,0.
0.,0.
0.,0.
0.,0.
0.,0.
0.,0.
0.,0.
0.,0.
0.,0.
0.,0.
0.,0.
0.,0.
0.,0.
0.,0.
0.,0.
0.,0.
0.,0.
0.,0.
0.,0.
0.,0.
0.,0.
0.,0.
0.,0.
0.,0.
0.,0.
0.,0.
0.,0.
0.,0.
0.,0.
0.,0.
0.,0.
0.,0.
0.,0.
0.,0.
0.,0.
0.,0.
0.,0.
0.,0.
0.,0.
0.,0.
0.,0.
0.,0.
0.,0.
0.,0.
0.,0.
0.,0.
0.,0.
0.,0.
0.,0.
0.,0.
0.,0.
0.,0.
0.,0.
0.,0.
0.,0.
0.,0.
0.,0.
0.,0.
0.,0.
0.,0.
0.,0.
0.,0.
0.,0.
0.,0.
0.,0.
0.,0.
0.,0.
0.,0.
0.,0.
0.,0.
0.,0.
0.,0.
0.,0.
0.,0.
0.,0.
0.,0.
0.,0.
0.,0.
0.,0.
0.,0.
0.,0.
0.,0.
0.,0.
0.,0.
0.,0.
0.,0.
0.,0.
0.,0.
0.,0.
0.,0.
0.,0.
0.,0.
0.,0.
0.,0.
0.,0.
0.,0.
0.,0.
0.,0.
0.,0.
0.,0.
0.,0.
0.,0.
0.,0.
0.,0.
0.,0.
0.,0.
0.,0.
0.,0.
0.,0.
0.,0.
0.,0.
0.,0.
0.,0.
0.,0.
0.,0.
0.,0.
0.,0.
0.,0.
0.,0.
0.,0.
0.,0.
0.,0.
0.,0.
0.,0.
0.,0.
0.,0.
0.,0.
0.,0.
0.,0.
0.,0.
0.,0.
0.,0.
0.,0.
0.,0.
0.,0.
0.,0.
0.,0.
0.,0.
0.,0.
0.,0.
0.,0.
0.,0.
0.,0.
0.,0.
0.,0.
0.,0.
0.,0.
0.,0.
0.,0.
0.,0.
0.,0.
0.,0.
0.,0.
0.,0.
0.,0.
0.,0.
0.,0.
0.,0.
0.,0.
0.,0.
0.,0.
0.,0.
0.,0.
0.,0.
0.,0.
0.,0.
0.,0.
0.,0.
0.,0.
0.,0.
0.,0.
0.,0.
0.,0.
0.,0.
0.,0.
0.,0.
0.,0.
0.,0.
0.,0.
0.,0.
0.,0.
0.,0.
0.,0.
0.,0.
0.,0.
0.,0.
0.,0.
0.,0.
0.,0.
0.,0.
0.,0.
0.,0.
0.,0.
0.,0.
0.,0.
0.,0.
0.,0.
0.,0.
0.,0.
0.,0.
0.,0.
0.,0.
0.,0.
0.,0.
0.,0.
0.,0.
0.,0.
0.,0.
0.,0.
0.,0.
0.,0.
0.,0.
0.,0.
0.,0.
0.,0.
0.,0.
0.,0.
0.,0.
0.,0.
0.,0.
0.,0.
0.,0.
0.,0.
0.,0.
0.,0.
0.,0.
0.,0.
0.,0.
0.,0.
0.,0.
0.,0.
0.,0.
0.,0.
0.,0.
0.,0.
0.,0.
0.,0.
0.,0.
0.,0.
0.,0.
0.,0.
0.,0.
0.,0.
0.,0.
0.,0.
0.,0.
0.,0.
0.,0.
0.,0.
0.,0.
0.,0.
0.,0.
0.,0.
0.,0.
0.,0.
0.,0.
0.,0.
0.,0.
0.,0.
0.,0.
0.,0.
0.,0.
0.,0.
0.,0.
0.,0.
0.,0.
0.,0.
0.,0.
0.,0.
0.,0.
0.,0.
0.,0.
0.,0.
0.,0.
0.,0.
0.,0.
0.,0.
0.,0.
0.,0.
0.,0.
0.,0.
0.,0.
0.,0.
0.,0.
0.,0.
0.,0.
0.,0.
0.,0.
0.,0.
0.,0.
0.,0.
0.,0.
0.,0.
0.,0.
0.,0.
0.,0.
0.,0.
0.,0.
0.,0.
0.,0.
0.,0.
0.,0.
0.,0.
0.,0.
0.,0.
0.,0.
0.,0.
0.,0.
0.,0.
0.,0.
0.,0.
0.,0.
0.,0.
0.,0.
0.,0.
0.,0.
0.,0.
0.,0.
0.,0.
0.,0.
0.,0.
0.,0.
0.,0.
0.,0.
0.,0.
0.,0.
0.,0.
0.,0.
0.,0.
0.,0.
0.,0.
0.,0.
0.,0.
0.,0.
0.,0.
0.,0.
0.,0.
0.,0.
0.,0.
0.,0.
0.,0.
0.,0.
0.,0.
0.,0.
0.,0.
0.,0.
0.,0.
0.,0.
0.,0.
0.,0.
0.,0.
0.,0.
0.,0.
0.,0.
0.,0.
0.,0.
0.,0.
0.,0.
0.,0.
0.,0.
0.,0.
0.,0.
0.,0.
0.,0.
0.,0.
0.,0.
0.,0.
0.,0.
0.,0.
0.,0.
0.,0.
0.,0.
0.,0.
0.,0.
0.,0.
0.,0.
0.,0.
0.,0.
0.,0.
0.,0.
0.,0.
0.,0.
0.,0.
0.,0.
0.,0.
0.,0.
0.,0.
0.,0.
0.,0.
0.,0.
0.,0.
0.,0.
0.,0.
0.,0.
0.,0.
0.,0.
0.,0.
0.,0.
0.,0.
0.,0.
0.,0.
0.,0.
0.,0.
0.,0.
0.,0.
0.,0.
0.,0.
0.,0.
0.,0.
0.,0.
0.,0.
0.,0.
0.,0.
0.,0.
0.,0.
0.,0.
0.,0.
0.,0.
0.,0.
0.,0.
0.,0.
0.,0.
0.,0.
0.,0.
0.,0.
0.,0.
0.,0.
0.,0.
0.,0.
0.,0.
0.,0.
0.,0.
0.,0.
0.,0.
0.,0.
0.,0.
0.,0.
0.,0.
0.,0.
0.,0.
0.,0.
0.,0.
0.,0.
0.,0.
0.,0.
0.,0.
0.,0.
0.,0.
0.,0.
0.,0.
0.,0.
0.,0.
0.,0.
0.,0.
0.,0.
0.,0.
0.,0.
0.,0.
0.,0.
0.,0.
0.,0.
0.,0.
0.,0.
0.,0.
0.,0.
0.,0.
0.,0.
0.,0.
0.,0.
0.,0.
0.,0.
0.,0.
0.,0.
0.,0.
0.,0.
0.,0.
0.,0.
0.,0.
0.,0.
0.,0.
0.,0.
0.,0.
0.,0.
0.,0.
0.,0.
0.,0.
0.,0.
0.,0.
0.,0.
0.,0.
0.,0.
0.,0.
0.,0.
0.,0.
0.,0.
0.,0.
0.,0.
0.,0.
0.,0.
0.,0.
0.,0.
0.,0.
0.,0.
0.,0.
0.,0.
0.,0.
0.,0.
0.,0.
0.,0.
0.,0.
0.,0.
0.,0.
0.,0.
0.,0.
0.,0.
0.,0.
0.,0.
0.,0.
0.,0.
0.,0.
0.,0.
0.,0.
0.,0.
0.,0.
0.,0.
0.,0.
0.,0.
0.,0.
0.,0.
0.,0.
0.,0.
0.,0.
0.,0.
0.,0.
0.,0.
0.,0.
0.,0.
0.,0.
0.,0.
0.,0.
0.,0.
0.,0.
0.,0.
0.,0.
0.,0.
0.,0.
0.,0.
0.,0.
0.,0.
0.,0.
0.,0.
0.,0.
0.,0.
0.,0.
0.,0.
0.,0.
0.,0.
0.,0.
0.,0.
0.,0.
0.,0.
0.,0.
0.,0.
0.,0.
0.,0.
0.,0.
0.,0.
0.,0.
0.,0.
0.,0.
0.,0.
0.,0.
0.,0.
0.,0.
0.,0.
0.,0.
0.,0.
0.,0.
0.,0.
0.,0.
0.,0.
0.,0.
0.,0.
0.,0.
0.,0.
0.,0.
0.,0.
0.,0.
0.,0.
0.,0.
0.,0.
0.,0.
0.,0.
0.,0.
0.,0.
0.,0.
0.,0.
0.,0.
0.,0.
0.,0.
0.,0.
0.,0.
0.,0.
0.,0.
0.,0.
0.,0.
0.,0.
0.,0.
0.,0.
0.,0.
0.,0.
0.,0.
0.,0.
0.,0.
0.,0.
0.,0.
0.,0.
0.,0.
0.,0.
0.,0.
0.,0.
0.,0.
0.,0.
0.,0.
0.,0.
0.,0.
0.,0.
0.,0.
0.,0.
0.,0.
0.,0.
0.,0.
0.,0.
0.,0.
0.,0.
0.,0.
0.,0.
0.,0.
0.,0.
0.,0.
0.,0.
0.,0.
0.,0.
0.,0.
0.,0.
0.,0.
0.,0.
0.,0.
0.,0.
0.,0.
0.,0.
0.,0.
0.,0.
0.,0.
0.,0.
0.,0.
0.,0.
0.,0.
0.,0.
0.,0.
0.,0.
0.,0.
0.,0.
0.,0.
0.,0.
0.,0.
0.,0.
0.,0.
0.,0.
0.,0.
0.,0.
0.,0.
0.,0.
0.,0.
0.,0.
0.,0.
0.,0.
0.,0.
0.,0.
0.,0.
0.,0.
0.,0.
0.,0.
0.,0.
0.,0.
0.,0.
0.,0.
0.,0.
0.,0.
0.,0.
0.,0.
0.,0.
0.,0.
0.,0.
0.,0.
0.,0.
0.,0.
0.,0.
0.,0.
0.,0.
0.,0.
0.,0.
0.,0.
0.,0.
0.,0.
0.,0.
0.,0.
0.,0.
0.,0.
0.,0.
0.,0.
0.,0.
0.,0.
0.,0.
0.,0.
0.,0.
0.,0.
0.,0.
0.,0.
0.,0.
0.,0.
0.,0.
0.,0.
0.,0.
0.,0.
0.,0.
0.,0.
0.,0.
0.,0.
0.,0.
0.,0.
0.,0.
0.,0.
0.,0.
0.,0.
0.,0.
0.,0.
0.,0.
0.,0.
0.,0.
0.,0.
0.,0.
0.,0.
0.,0.
0.,0.
0.,0.
0.,0.
0.,0.
0.,0.
0.,0.
0.,0.
0.,0.
0.,0.
0.,0.
0.,0.
0.,0.
0.,0.
0.,0.
0.,0.
0.,0.
0.,0.
0.,0.
